"existing_tool_id","existing_tool_name","existing_domain","status","candidate_roadmap_ids","mapping_status","canonical_problem_id","overlap_decision","gate_status","audit_owner","audit_version","audit_notes","confidence"
"fiber-loss","Fiber Loss Calculator","optical","active","TOOL-067","HYPOTHESIS","PENDING","UNREVIEWED","NOT_STARTED","UNASSIGNED","2026-10-07","Lightweight mapping hypothesis; confidence MEDIUM/HIGH based on name, description, domain, capabilities, and relationships. Duplicate and Gate decisions unchanged.","MEDIUM"
"optical-power-budget","Optical Power Budget Calculator","optical","active","TOOL-054","CONFIRMED","CP-PON-OPTICAL-BUDGET-001","KEEP","NOT_STARTED","agent-highrisk","2026-10-08","target_existing_tool_id=optical-power-budget; engine.js, STANDARDS_BASIS.md and AUDIT_REPORT cover optical power budget. GPON-specific candidate remains separate pending review. Existing tool is survivor; candidate roadmap row is rejected as duplicate.","HIGH"
"pon-splitter-loss","PON Splitter Loss Calculator","pon","active","TOOL-056","CONFIRMED","CP-PON-SPLITTER-LOSS-001","KEEP","NOT_STARTED","agent-highrisk","2026-10-08","target_existing_tool_id=pon-splitter-loss; engine.js, STANDARDS_BASIS.md and audit artifacts cover splitter loss. Existing tool is survivor; candidate roadmap row is rejected as duplicate.","HIGH"
"onu-rx-power","ONU RX Power Diagnosis","operations","active","TOOL-063","CONFIRMED","CP-PON-ONU-RX-001","KEEP","NOT_STARTED","agent-highrisk","2026-10-08","target_existing_tool_id=onu-rx-power; engine.js and CALCULATION_TESTS cover ONU receive power diagnosis. Existing tool is survivor; candidate roadmap row is rejected as duplicate.","HIGH"
"pon-distance","PON Maximum Distance Calculator","pon","active","TOOL-064","CONFIRMED","CP-PON-DISTANCE-001","KEEP","NOT_STARTED","agent-highrisk","2026-10-08","target_existing_tool_id=pon-distance; engine.js and CALCULATION_TESTS cover PON distance margin. Existing tool is survivor; candidate roadmap row is rejected as duplicate.","HIGH"
"otdr-event","OTDR Event Analyzer","operations","active","","NO_ROADMAP_MATCH","PENDING","UNREVIEWED","NOT_STARTED","UNASSIGNED","2026-10-07","No sufficiently close roadmap candidate; NO_MATCH.","NO_MATCH"
"mtu-calculator","MTU & MSS Calculator","ip-networking","active","TOOL-001;TOOL-013","CONFIRMED","CP-MTU-JUMBO-001","KEEP","NOT_STARTED","agent-highrisk","2026-10-08","Primary mappings: TOOL-001 Ethernet frame overhead and TOOL-013 MTU/Jumbo are covered by this existing tool. TOOL-001 confirmed duplicate; TOOL-013 confirmed duplicate. Existing tool retained (KEEP).","HIGH"
"subnet-calculator","IP Subnet Calculator","ip-networking","active","TOOL-017","CONFIRMED","CP-IP-SUBNET-001","KEEP","NOT_STARTED","agent-highrisk","2026-10-08","target_existing_tool_id=subnet-calculator; website/tools/subnet-calculator/js/engine.js and AUDIT_REPORT cover IPv4 subnet calculation. Existing tool is survivor; candidate roadmap row is rejected as duplicate.","HIGH"
"bandwidth-calculator","Bandwidth & Transfer Time Calculator","ip-networking","active","TOOL-035","HYPOTHESIS","PENDING","UNREVIEWED","NOT_STARTED","UNASSIGNED","2026-10-07","Lightweight mapping hypothesis; confidence MEDIUM/HIGH based on name, description, domain, capabilities, and relationships. Duplicate and Gate decisions unchanged.","MEDIUM"
"48v-battery-runtime","-48V Telecom Battery Runtime Calculator","power-datacenter","active","TOOL-181","CONFIRMED","CP-BATTERY-BACKUP-RUNTIME-001","KEEP","NOT_STARTED","agent-power-fabric","2026-10-08","Evidence: website/tools/48v-battery-runtime/js/engine.js; docs/ENGINEERING_METHOD.md; docs/engine-test.js; README.md. Primary coverage for TOOL-181.","HIGH"
"ipv6-nat-planner","IPv6 & NAT Planning Calculator","ip-networking","active","TOOL-018","HYPOTHESIS","PENDING","UNREVIEWED","NOT_STARTED","UNASSIGNED","2026-10-07","Lightweight mapping hypothesis; confidence MEDIUM/HIGH based on name, description, domain, capabilities, and relationships. Duplicate and Gate decisions unchanged.","MEDIUM"
"wifi-coverage-capacity-planner","Wi-Fi Coverage & Capacity Planner","wireless","active","TOOL-082;TOOL-083","HYPOTHESIS","PENDING","UNREVIEWED","NOT_STARTED","UNASSIGNED","2026-10-07","Lightweight mapping hypothesis; confidence MEDIUM/HIGH based on name, description, domain, capabilities, and relationships. Duplicate and Gate decisions unchanged.","MEDIUM"
"poe-power-budget-calculator","PoE Power Budget Calculator","power-datacenter","active","TOOL-002","HYPOTHESIS","PENDING","UNREVIEWED","NOT_STARTED","UNASSIGNED","2026-10-07","Lightweight mapping hypothesis; confidence MEDIUM/HIGH based on name, description, domain, capabilities, and relationships. Duplicate and Gate decisions unchanged.","MEDIUM"
"sfp-qsfp-compatibility-calculator","SFP & QSFP Compatibility Checker","optical","active","","NO_ROADMAP_MATCH","PENDING","UNREVIEWED","NOT_STARTED","UNASSIGNED","2026-10-07","No sufficiently close roadmap candidate; NO_MATCH.","NO_MATCH"
"wireless-link-budget-calculator","Wireless Link Budget Calculator","wireless","active","TOOL-080;TOOL-081","HYPOTHESIS","PENDING","UNREVIEWED","NOT_STARTED","UNASSIGNED","2026-10-07","Lightweight mapping hypothesis; confidence MEDIUM/HIGH based on name, description, domain, capabilities, and relationships. Duplicate and Gate decisions unchanged.","MEDIUM"
"poe-voltage-drop-calculator","Ethernet Cable PoE Voltage Drop Calculator","power-datacenter","active","","NO_ROADMAP_MATCH","PENDING","UNREVIEWED","NOT_STARTED","UNASSIGNED","2026-10-07","No sufficiently close roadmap candidate; NO_MATCH.","NO_MATCH"
"network-rack-power-cooling-calculator","Network Rack Power & Cooling Calculator","power-datacenter","active","TOOL-186","CONFIRMED","CP-RACK-POWER-DENSITY-001","KEEP","NOT_STARTED","agent-power-fabric","2026-10-08","Evidence: website/tools/network-rack-power-cooling-calculator/js/engine.js; docs/engine-test.js; CALCULATION_TESTS.json. Primary coverage for TOOL-186.","HIGH"
"vlan-ip-capacity-planner","VLAN & IP Subnet Capacity Planner","ip-networking","active","TOOL-008;TOOL-020","HYPOTHESIS","PENDING","UNREVIEWED","NOT_STARTED","UNASSIGNED","2026-10-07","Lightweight mapping hypothesis; confidence MEDIUM/HIGH based on name, description, domain, capabilities, and relationships. Duplicate and Gate decisions unchanged.","MEDIUM"
"switch-uplink-oversubscription-calculator","Switch Uplink Bandwidth & Oversubscription Calculator","ip-networking","active","TOOL-004;TOOL-003","HYPOTHESIS","PENDING","UNREVIEWED","NOT_STARTED","UNASSIGNED","2026-10-07","Lightweight mapping hypothesis; confidence MEDIUM/HIGH based on name, description, domain, capabilities, and relationships. Duplicate and Gate decisions unchanged.","MEDIUM"
"dns-ttl-propagation-calculator","DNS TTL & Propagation Time Calculator","ip-networking","active","TOOL-045","CONFIRMED","CP-DNS-TTL-001","KEEP","NOT_STARTED","agent-highrisk","2026-10-08","target_existing_tool_id=dns-ttl-propagation-calculator; engine.js and CALCULATION_TESTS cover TTL propagation planning. Existing tool is survivor; candidate roadmap row is rejected as duplicate.","HIGH"
"acl-generator-validator","Multi-Vendor ACL Generator & Validator","ip-networking","active","TOOL-149;TOOL-164","HYPOTHESIS","PENDING","UNREVIEWED","NOT_STARTED","UNASSIGNED","2026-10-07","Lightweight mapping hypothesis; confidence MEDIUM/HIGH based on name, description, domain, capabilities, and relationships. Duplicate and Gate decisions unchanged.","MEDIUM"
"network-change-planner-mop-generator","Network Change Planner & MOP Generator","operations","active","TOOL-152","HYPOTHESIS","PENDING","UNREVIEWED","NOT_STARTED","UNASSIGNED","2026-10-07","Lightweight mapping hypothesis; confidence MEDIUM/HIGH based on name, description, domain, capabilities, and relationships. Duplicate and Gate decisions unchanged.","MEDIUM"
"pue-data-center-energy-efficiency","PUE & Data Center Energy Efficiency Analyzer","power-datacenter","active","TOOL-177","CONFIRMED","CP-PUE-001","KEEP","NOT_STARTED","agent-highrisk","2026-10-08","target_existing_tool_id=pue-data-center-energy-efficiency; engine.js, ENGINEERING_METHOD.md and tests cover PUE calculation. Existing tool is survivor; candidate roadmap row is rejected as duplicate.","HIGH"
"telecom-solar-battery-sizing-calculator","Telecom Solar Power & Battery Sizing Calculator","power-datacenter","active","TOOL-181","HYPOTHESIS","PENDING","UNREVIEWED","NOT_STARTED","UNASSIGNED","2026-10-07","Lightweight mapping hypothesis; confidence MEDIUM/HIGH based on name, description, domain, capabilities, and relationships. Duplicate and Gate decisions unchanged.","MEDIUM"
"generator-fuel-runtime-calculator","Generator Fuel Consumption & Runtime Calculator","power-datacenter","active","TOOL-184","CONFIRMED","CP-GENERATOR-RUNTIME-001","KEEP","NOT_STARTED","agent-highrisk","2026-10-08","target_existing_tool_id=generator-fuel-runtime-calculator; engine.js and engine-test.js evidence. Existing tool is survivor; candidate roadmap row is rejected as duplicate.","HIGH"
"telecom-rectifier-dc-power-sizing","Telecom Rectifier & DC Power System Sizing Calculator","power-datacenter","active","TOOL-182","CONFIRMED","CP-TELECOM-DC-POWER-001","KEEP","NOT_STARTED","agent-highrisk","2026-10-08","target_existing_tool_id=telecom-rectifier-dc-power-sizing; engine.js and ENGINEERING_METHOD.md cover telecom DC power sizing. Existing tool is survivor; candidate roadmap row is rejected as duplicate.","HIGH"
"telecom-ac-dc-breaker-sizing","Telecom AC/DC Power Capacity & Breaker Sizing Calculator","power-datacenter","active","TOOL-182","HYPOTHESIS","PENDING","UNREVIEWED","NOT_STARTED","UNASSIGNED","2026-10-07","Lightweight mapping hypothesis; confidence MEDIUM/HIGH based on name, description, domain, capabilities, and relationships. Duplicate and Gate decisions unchanged.","MEDIUM"
"ups-capacity-battery-runtime-calculator","UPS Capacity & Battery Backup Runtime Calculator","power-datacenter","active","TOOL-179;TOOL-180","CONFIRMED","CP-UPS-CAPACITY-001","KEEP","NOT_STARTED","agent-power-fabric","2026-10-08","Primary CP retained for TOOL-179 UPS capacity; TOOL-180 runtime is secondary mapped duplicate. Evidence: website/tools/ups-capacity-battery-runtime-calculator/js/engine.js; docs/ENGINEERING_METHOD.md; docs/engine-test.js.","HIGH"
"data-center-cooling-load-calculator","Data Center Cooling Load & Precision AC Capacity Calculator","power-datacenter","active","TOOL-185","CONFIRMED","CP-DC-COOLING-LOAD-001","KEEP","NOT_STARTED","agent-highrisk","2026-10-08","target_existing_tool_id=data-center-cooling-load-calculator; engine.js, deep-workflow.js and tests cover cooling load. Existing tool is survivor; candidate roadmap row is rejected as duplicate.","HIGH"
"dc-plant-efficiency-load-sharing","DC Plant Efficiency & Rectifier Load-Sharing Analyzer","power-datacenter","active","","NO_ROADMAP_MATCH","PENDING","UNREVIEWED","NOT_STARTED","UNASSIGNED","2026-10-07","No sufficiently close roadmap candidate; NO_MATCH.","NO_MATCH"
"data-center-airflow-containment-planner","Data Center Airflow & Hot-Aisle Containment Planner","power-datacenter","active","TOOL-185","HYPOTHESIS","PENDING","UNREVIEWED","NOT_STARTED","UNASSIGNED","2026-10-07","Lightweight mapping hypothesis; confidence MEDIUM/HIGH based on name, description, domain, capabilities, and relationships. Duplicate and Gate decisions unchanged.","MEDIUM"
"generator-ups-transfer-ride-through-planner","Generator + UPS Transfer & Ride-Through Planner","power-datacenter","active","TOOL-184;TOOL-180","HYPOTHESIS","PENDING","UNREVIEWED","NOT_STARTED","UNASSIGNED","2026-10-07","Lightweight mapping hypothesis; confidence MEDIUM/HIGH based on name, description, domain, capabilities, and relationships. Duplicate and Gate decisions unchanged.","MEDIUM"
"transmission-ring-optimization-risk-analyzer","Transmission Ring Optimization & Protection Risk Analyzer","transport","active","TOOL-077;TOOL-078","HYPOTHESIS","PENDING","UNREVIEWED","NOT_STARTED","UNASSIGNED","2026-10-07","Lightweight mapping hypothesis; confidence MEDIUM/HIGH based on name, description, domain, capabilities, and relationships. Duplicate and Gate decisions unchanged.","MEDIUM"
"olt-dual-uplink-transport-mse-planner","OLT Dual-Uplink Capacity, Transport Channel & MSE Port Planner","transport","active","TOOL-061;TOOL-060","HYPOTHESIS","PENDING","UNREVIEWED","NOT_STARTED","UNASSIGNED","2026-10-07","Lightweight mapping hypothesis; confidence MEDIUM/HIGH based on name, description, domain, capabilities, and relationships. Duplicate and Gate decisions unchanged.","MEDIUM"
"data-center-network-convergence-fabric-capacity-planner","Data Center Network Convergence & Fabric Capacity Planner","switching","active","TOOL-104;TOOL-100","CONFIRMED","CP-DC-FABRIC-BISECTION-001","KEEP","NOT_STARTED","agent-power-fabric","2026-10-08","Primary CP retained for TOOL-104 bisection; TOOL-100 leaf-spine capacity is a secondary mapped duplicate. Evidence: website/tools/data-center-network-convergence-fabric-capacity-planner/js/engine.js; docs/ENGINEERING_METHOD.md; docs/engine-test.js.","HIGH"
"network-risk-hidden-hazard-assessment-generator","Network Risk & Hidden-Hazard Assessment Generator","operations","active","TOOL-175","HYPOTHESIS","PENDING","UNREVIEWED","NOT_STARTED","UNASSIGNED","2026-10-07","Lightweight mapping hypothesis; confidence MEDIUM/HIGH based on name, description, domain, capabilities, and relationships. Duplicate and Gate decisions unchanged.","MEDIUM"
"odf-odn-resource-planner","ODF / ODN Fiber Resource & Split Planning Planner","optical","active","TOOL-062;TOOL-065","HYPOTHESIS","PENDING","UNREVIEWED","NOT_STARTED","UNASSIGNED","2026-10-07","Lightweight mapping hypothesis; confidence MEDIUM/HIGH based on name, description, domain, capabilities, and relationships. Duplicate and Gate decisions unchanged.","MEDIUM"
"ospf-cost-calculator","OSPF Cost Calculator","routing","active","TOOL-021","CONFIRMED","CP-OSPF-COST-001","KEEP","NOT_STARTED","agent-highrisk","2026-10-08","target_existing_tool_id=ospf-cost-calculator; engine.js and ENGINEERING_METHOD.md implement OSPF cost formula and tests. Existing tool is survivor; candidate roadmap row is rejected as duplicate.","HIGH"
"network-capacity-forecast-planner","Network Capacity Forecast Planner","ip-networking","active","TOOL-162","HYPOTHESIS","PENDING","UNREVIEWED","NOT_STARTED","UNASSIGNED","2026-10-07","Lightweight mapping hypothesis; confidence MEDIUM/HIGH based on name, description, domain, capabilities, and relationships. Duplicate and Gate decisions unchanged.","MEDIUM"
"engineering-report-batch-export-center","Engineering Report & Batch Export Center","operations","active","","NO_ROADMAP_MATCH","PENDING","UNREVIEWED","NOT_STARTED","UNASSIGNED","2026-10-07","No sufficiently close roadmap candidate; NO_MATCH.","NO_MATCH"
