tool_id,name,domain_code,domain_group,primary_domain,maturity,phase,priority,lifecycle_tags,roadmap_status,existing_mapping
TOOL-001,Ethernet Frame Overhead Calculator,A1,Core Networking,Ethernet / Switching,CORE,A,P1,CALCULATE,PLANNED,RECONCILE
TOOL-002,Switch Port Capacity Calculator,A1,Core Networking,Ethernet / Switching,CORE,A,P1,"CALCULATE,OPTIMIZE",PLANNED,RECONCILE
TOOL-003,Switch Oversubscription Ratio Calculator,A1,Core Networking,Ethernet / Switching,CORE,A,P1,CALCULATE,PLANNED,RECONCILE
TOOL-004,Access Switch Uplink Bandwidth Planner,A1,Core Networking,Ethernet / Switching,CORE,A,P1,PLAN,PLANNED,RECONCILE
TOOL-005,N-1 Uplink Oversubscription Calculator,A1,Core Networking,Ethernet / Switching,CORE,A,P1,CALCULATE,PLANNED,RECONCILE
TOOL-006,Link Aggregation Capacity Calculator,A1,Core Networking,Ethernet / Switching,CORE,B,P2,"CALCULATE,OPTIMIZE",PLANNED,RECONCILE
TOOL-007,LACP Member Failure Capacity Planner,A1,Core Networking,Ethernet / Switching,CORE,B,P2,"PLAN,OPTIMIZE",PLANNED,RECONCILE
TOOL-008,VLAN Capacity Planner,A1,Core Networking,Ethernet / Switching,CORE,B,P2,"PLAN,OPTIMIZE",PLANNED,RECONCILE
TOOL-009,STP Path Cost Calculator,A1,Core Networking,Ethernet / Switching,CORE,B,P2,"CALCULATE,OPTIMIZE",PLANNED,RECONCILE
TOOL-010,RSTP Convergence Estimator,A1,Core Networking,Ethernet / Switching,CORE,C,P3,CALCULATE,PLANNED,RECONCILE
TOOL-011,MAC Address Table Capacity Planner,A1,Core Networking,Ethernet / Switching,CORE,C,P3,"PLAN,OPTIMIZE",PLANNED,RECONCILE
TOOL-012,Broadcast Domain Size Planner,A1,Core Networking,Ethernet / Switching,CORE,C,P3,PLAN,PLANNED,RECONCILE
TOOL-013,MTU / Jumbo Frame Planner,A1,Core Networking,Ethernet / Switching,CORE,C,P3,PLAN,PLANNED,RECONCILE
TOOL-014,Ethernet Serialization Delay Calculator,A1,Core Networking,Ethernet / Switching,CORE,D,P4,CALCULATE,PLANNED,RECONCILE
TOOL-015,QoS Queue Bandwidth Allocator,A1,Core Networking,Ethernet / Switching,CORE,D,P4,CALCULATE,PLANNED,RECONCILE
TOOL-016,800G / 1.6T Ethernet Lane Planner,A1,Core Networking,Ethernet / Switching,GROWTH,D,P4,PLAN,PLANNED,RECONCILE
TOOL-017,IPv4 Subnet Calculator,A2,Core Networking,IP / Routing / MPLS / SRv6,CORE,A,P1,CALCULATE,PLANNED,RECONCILE
TOOL-018,IPv6 Prefix Planner,A2,Core Networking,IP / Routing / MPLS / SRv6,CORE,A,P1,PLAN,PLANNED,RECONCILE
TOOL-019,VLSM Address Planner,A2,Core Networking,IP / Routing / MPLS / SRv6,CORE,A,P1,PLAN,PLANNED,RECONCILE
TOOL-020,IP Address Utilization Calculator,A2,Core Networking,IP / Routing / MPLS / SRv6,CORE,A,P1,"CALCULATE,OPTIMIZE",PLANNED,RECONCILE
TOOL-021,OSPF Cost Calculator,A2,Core Networking,IP / Routing / MPLS / SRv6,CORE,A,P1,"CALCULATE,OPTIMIZE",PLANNED,RECONCILE
TOOL-022,OSPF Area Capacity Planner,A2,Core Networking,IP / Routing / MPLS / SRv6,CORE,B,P2,"PLAN,OPTIMIZE",PLANNED,RECONCILE
TOOL-023,IS-IS Metric Planner,A2,Core Networking,IP / Routing / MPLS / SRv6,CORE,B,P2,PLAN,PLANNED,RECONCILE
TOOL-024,BGP Best-Path Decision Explorer,A2,Core Networking,IP / Routing / MPLS / SRv6,CORE,B,P2,CALCULATE,PLANNED,RECONCILE
TOOL-025,BGP Session Scale Planner,A2,Core Networking,IP / Routing / MPLS / SRv6,CORE,B,P2,PLAN,PLANNED,RECONCILE
TOOL-026,BGP Route Table Capacity Estimator,A2,Core Networking,IP / Routing / MPLS / SRv6,CORE,B,P2,"CALCULATE,OPTIMIZE",PLANNED,RECONCILE
TOOL-027,BGP Community Policy Builder,A2,Core Networking,IP / Routing / MPLS / SRv6,CORE,C,P3,PLAN,PLANNED,RECONCILE
TOOL-028,MPLS Label Stack Overhead Calculator,A2,Core Networking,IP / Routing / MPLS / SRv6,CORE,C,P3,CALCULATE,PLANNED,RECONCILE
TOOL-029,MPLS LSP Capacity Planner,A2,Core Networking,IP / Routing / MPLS / SRv6,CORE,C,P3,"PLAN,OPTIMIZE",PLANNED,RECONCILE
TOOL-030,Traffic Engineering Path Calculator,A2,Core Networking,IP / Routing / MPLS / SRv6,CORE,C,P3,CALCULATE,PLANNED,RECONCILE
TOOL-031,ECMP Path Capacity Planner,A2,Core Networking,IP / Routing / MPLS / SRv6,CORE,D,P4,"PLAN,OPTIMIZE",PLANNED,RECONCILE
TOOL-032,SR-MPLS SID Stack Calculator,A2,Core Networking,IP / Routing / MPLS / SRv6,CORE,D,P4,CALCULATE,PLANNED,RECONCILE
TOOL-033,SRv6 SID Planner,A2,Core Networking,IP / Routing / MPLS / SRv6,CORE,D,P4,PLAN,PLANNED,RECONCILE
TOOL-034,SRv6 Header Overhead Calculator,A2,Core Networking,IP / Routing / MPLS / SRv6,CORE,D,P4,CALCULATE,PLANNED,RECONCILE
TOOL-035,WAN Bandwidth Sizing Calculator,A3,Core Networking,WAN / SD-WAN / SASE,CORE,A,P1,CALCULATE,PLANNED,RECONCILE
TOOL-036,Branch WAN Capacity Planner,A3,Core Networking,WAN / SD-WAN / SASE,CORE,A,P1,"PLAN,OPTIMIZE",PLANNED,RECONCILE
TOOL-037,Dual-WAN Load Sharing Calculator,A3,Core Networking,WAN / SD-WAN / SASE,CORE,A,P1,CALCULATE,PLANNED,RECONCILE
TOOL-038,WAN Failover Capacity Planner,A3,Core Networking,WAN / SD-WAN / SASE,CORE,B,P2,"PLAN,OPTIMIZE",PLANNED,RECONCILE
TOOL-039,SD-WAN SLA Policy Planner,A3,Core Networking,WAN / SD-WAN / SASE,CORE,B,P2,"PLAN,OPTIMIZE",PLANNED,RECONCILE
TOOL-040,Application-Aware Path Selector,A3,Core Networking,WAN / SD-WAN / SASE,CORE,B,P2,PLAN,PLANNED,RECONCILE
TOOL-041,WAN Latency Budget Calculator,A3,Core Networking,WAN / SD-WAN / SASE,CORE,C,P3,CALCULATE,PLANNED,RECONCILE
TOOL-042,WAN Packet Loss Impact Estimator,A3,Core Networking,WAN / SD-WAN / SASE,CORE,C,P3,CALCULATE,PLANNED,RECONCILE
TOOL-043,SASE Edge Placement Planner,A3,Core Networking,WAN / SD-WAN / SASE,CORE,D,P4,"PLAN,DESIGN",PLANNED,RECONCILE
TOOL-044,WAN Circuit Cost Comparator,A3,Core Networking,WAN / SD-WAN / SASE,CORE,D,P4,OPTIMIZE,PLANNED,RECONCILE
TOOL-045,DNS TTL Planner,A4,Core Networking,Internet / DNS / CDN / Interconnection,CORE,A,P1,PLAN,PLANNED,RECONCILE
TOOL-046,DNS Query Capacity Estimator,A4,Core Networking,Internet / DNS / CDN / Interconnection,CORE,A,P1,"CALCULATE,OPTIMIZE",PLANNED,RECONCILE
TOOL-047,DHCP Scope Capacity Calculator,A4,Core Networking,Internet / DNS / CDN / Interconnection,CORE,B,P2,"CALCULATE,OPTIMIZE",PLANNED,RECONCILE
TOOL-048,IPAM Utilization Planner,A4,Core Networking,Internet / DNS / CDN / Interconnection,CORE,B,P2,"PLAN,OPTIMIZE",PLANNED,RECONCILE
TOOL-049,Anycast Node Placement Estimator,A4,Core Networking,Internet / DNS / CDN / Interconnection,CORE,B,P2,"CALCULATE,DESIGN",PLANNED,RECONCILE
TOOL-050,CDN Cache Offload Calculator,A4,Core Networking,Internet / DNS / CDN / Interconnection,CORE,C,P3,CALCULATE,PLANNED,RECONCILE
TOOL-051,CDN Origin Bandwidth Estimator,A4,Core Networking,Internet / DNS / CDN / Interconnection,CORE,C,P3,CALCULATE,PLANNED,RECONCILE
TOOL-052,IX / Peering Port Capacity Planner,A4,Core Networking,Internet / DNS / CDN / Interconnection,CORE,D,P4,"PLAN,OPTIMIZE",PLANNED,RECONCILE
TOOL-053,Transit vs Peering Cost Calculator,A4,Core Networking,Internet / DNS / CDN / Interconnection,CORE,D,P4,"CALCULATE,OPTIMIZE",PLANNED,RECONCILE
TOOL-054,GPON Optical Power Budget Calculator,B1,Access & Transport,PON / FTTx / Access,CORE,A,P1,CALCULATE,PLANNED,RECONCILE
TOOL-055,XGS-PON Optical Power Budget Calculator,B1,Access & Transport,PON / FTTx / Access,CORE,A,P1,CALCULATE,PLANNED,RECONCILE
TOOL-056,PON Splitter Loss Calculator,B1,Access & Transport,PON / FTTx / Access,CORE,A,P1,CALCULATE,PLANNED,RECONCILE
TOOL-057,PON Split Ratio Planner,B1,Access & Transport,PON / FTTx / Access,CORE,A,P1,PLAN,PLANNED,RECONCILE
TOOL-058,OLT PON Port Capacity Planner,B1,Access & Transport,PON / FTTx / Access,CORE,B,P2,"PLAN,OPTIMIZE",PLANNED,RECONCILE
TOOL-059,OLT Subscriber Capacity Planner,B1,Access & Transport,PON / FTTx / Access,CORE,B,P2,"PLAN,OPTIMIZE",PLANNED,RECONCILE
TOOL-060,OLT Uplink Bandwidth Planner,B1,Access & Transport,PON / FTTx / Access,CORE,B,P2,PLAN,PLANNED,RECONCILE
TOOL-061,OLT Dual-Uplink Redundancy Planner,B1,Access & Transport,PON / FTTx / Access,CORE,C,P3,PLAN,PLANNED,RECONCILE
TOOL-062,ODN Loss Budget Planner,B1,Access & Transport,PON / FTTx / Access,CORE,C,P3,PLAN,PLANNED,RECONCILE
TOOL-063,ONU Receive Power Checker,B1,Access & Transport,PON / FTTx / Access,CORE,C,P3,CALCULATE,PLANNED,RECONCILE
TOOL-064,PON Distance Margin Calculator,B1,Access & Transport,PON / FTTx / Access,CORE,D,P4,CALCULATE,PLANNED,RECONCILE
TOOL-065,PON Expansion Capacity Planner,B1,Access & Transport,PON / FTTx / Access,CORE,D,P4,"PLAN,OPTIMIZE",PLANNED,RECONCILE
TOOL-066,FTTx Take-Rate Capacity Forecast,B1,Access & Transport,PON / FTTx / Access,CORE,D,P4,OPTIMIZE,PLANNED,RECONCILE
TOOL-067,Fiber Link Loss Calculator,B2,Access & Transport,Optical & Transport,CORE,A,P1,CALCULATE,PLANNED,RECONCILE
TOOL-068,Connector / Splice Loss Budget Calculator,B2,Access & Transport,Optical & Transport,CORE,A,P1,CALCULATE,PLANNED,RECONCILE
TOOL-069,Optical Margin Calculator,B2,Access & Transport,Optical & Transport,CORE,A,P1,CALCULATE,PLANNED,RECONCILE
TOOL-070,OSNR Budget Calculator,B2,Access & Transport,Optical & Transport,CORE,A,P1,CALCULATE,PLANNED,RECONCILE
TOOL-071,Chromatic Dispersion Calculator,B2,Access & Transport,Optical & Transport,CORE,B,P2,CALCULATE,PLANNED,RECONCILE
TOOL-072,PMD Budget Calculator,B2,Access & Transport,Optical & Transport,CORE,B,P2,CALCULATE,PLANNED,RECONCILE
TOOL-073,DWDM Channel Capacity Planner,B2,Access & Transport,Optical & Transport,CORE,B,P2,"PLAN,OPTIMIZE",PLANNED,RECONCILE
TOOL-074,DWDM Wavelength Assignment Planner,B2,Access & Transport,Optical & Transport,CORE,C,P3,PLAN,PLANNED,RECONCILE
TOOL-075,OTN Payload Mapping Calculator,B2,Access & Transport,Optical & Transport,CORE,C,P3,CALCULATE,PLANNED,RECONCILE
TOOL-076,OTN Link Capacity Planner,B2,Access & Transport,Optical & Transport,CORE,C,P3,"PLAN,OPTIMIZE",PLANNED,RECONCILE
TOOL-077,Transport Ring Capacity Planner,B2,Access & Transport,Optical & Transport,CORE,D,P4,"PLAN,OPTIMIZE",PLANNED,RECONCILE
TOOL-078,Protection Switching Capacity Planner,B2,Access & Transport,Optical & Transport,CORE,D,P4,"PLAN,OPTIMIZE",PLANNED,RECONCILE
TOOL-079,CPO vs Pluggable Optical Power Estimator,B2,Access & Transport,Optical & Transport,GROWTH,D,P4,CALCULATE,PLANNED,RECONCILE
TOOL-080,RF Free-Space Path Loss Calculator,B3,Access & Transport,Wireless / RAN,CORE,A,P1,CALCULATE,PLANNED,RECONCILE
TOOL-081,Cellular Link Budget Calculator,B3,Access & Transport,Wireless / RAN,CORE,A,P1,CALCULATE,PLANNED,RECONCILE
TOOL-082,Cell Coverage Radius Estimator,B3,Access & Transport,Wireless / RAN,CORE,A,P1,CALCULATE,PLANNED,RECONCILE
TOOL-083,Cell Capacity Calculator,B3,Access & Transport,Wireless / RAN,CORE,B,P2,"CALCULATE,OPTIMIZE",PLANNED,RECONCILE
TOOL-084,Spectrum Efficiency Calculator,B3,Access & Transport,Wireless / RAN,CORE,B,P2,CALCULATE,PLANNED,RECONCILE
TOOL-085,MIMO Throughput Estimator,B3,Access & Transport,Wireless / RAN,CORE,B,P2,CALCULATE,PLANNED,RECONCILE
TOOL-086,Massive MIMO Capacity Planner,B3,Access & Transport,Wireless / RAN,GROWTH,B,P2,"PLAN,OPTIMIZE",PLANNED,RECONCILE
TOOL-087,RAN Fronthaul Bandwidth Calculator,B3,Access & Transport,Wireless / RAN,CORE,C,P3,CALCULATE,PLANNED,RECONCILE
TOOL-088,O-RU / O-DU Capacity Planner,B3,Access & Transport,Wireless / RAN,GROWTH,C,P3,"PLAN,OPTIMIZE",PLANNED,RECONCILE
TOOL-089,Fronthaul Latency Budget Calculator,B3,Access & Transport,Wireless / RAN,CORE,D,P4,CALCULATE,PLANNED,RECONCILE
TOOL-090,Cell Load Balancing Estimator,B3,Access & Transport,Wireless / RAN,CORE,D,P4,CALCULATE,PLANNED,RECONCILE
TOOL-091,RAN Energy Efficiency Calculator,B3,Access & Transport,Wireless / RAN,CORE,D,P4,CALCULATE,PLANNED,RECONCILE
TOOL-092,Edge Node Placement Planner,B4,Access & Transport,Edge / IoT,CORE,A,P1,"PLAN,DESIGN",PLANNED,RECONCILE
TOOL-093,Edge Latency Budget Calculator,B4,Access & Transport,Edge / IoT,CORE,A,P1,CALCULATE,PLANNED,RECONCILE
TOOL-094,MEC Capacity Planner,B4,Access & Transport,Edge / IoT,CORE,B,P2,"PLAN,OPTIMIZE",PLANNED,RECONCILE
TOOL-095,IoT Device Density Calculator,B4,Access & Transport,Edge / IoT,CORE,B,P2,CALCULATE,PLANNED,RECONCILE
TOOL-096,IoT Message Bandwidth Calculator,B4,Access & Transport,Edge / IoT,CORE,C,P3,CALCULATE,PLANNED,RECONCILE
TOOL-097,LPWAN Battery-Life Network Estimator,B4,Access & Transport,Edge / IoT,CORE,C,P3,CALCULATE,PLANNED,RECONCILE
TOOL-098,Edge Backhaul Capacity Planner,B4,Access & Transport,Edge / IoT,CORE,D,P4,"PLAN,OPTIMIZE",PLANNED,RECONCILE
TOOL-099,Multi-Edge Service Placement Planner,B4,Access & Transport,Edge / IoT,CORE,D,P4,"PLAN,DESIGN",PLANNED,RECONCILE
TOOL-100,Leaf-Spine Port Capacity Planner,C1,Data Center & Cloud,Data Center Networking,CORE,A,P1,"PLAN,OPTIMIZE",PLANNED,RECONCILE
TOOL-101,Leaf-Spine Oversubscription Calculator,C1,Data Center & Cloud,Data Center Networking,CORE,A,P1,CALCULATE,PLANNED,RECONCILE
TOOL-102,Spine Count Calculator,C1,Data Center & Cloud,Data Center Networking,CORE,A,P1,CALCULATE,PLANNED,RECONCILE
TOOL-103,Spine Failure Capacity Planner,C1,Data Center & Cloud,Data Center Networking,CORE,B,P2,"PLAN,OPTIMIZE",PLANNED,RECONCILE
TOOL-104,Data Center Bisection Bandwidth Calculator,C1,Data Center & Cloud,Data Center Networking,CORE,B,P2,CALCULATE,PLANNED,RECONCILE
TOOL-105,TOR Uplink Capacity Planner,C1,Data Center & Cloud,Data Center Networking,CORE,B,P2,"PLAN,OPTIMIZE",PLANNED,RECONCILE
TOOL-106,ECMP Fabric Capacity Calculator,C1,Data Center & Cloud,Data Center Networking,CORE,B,P2,"CALCULATE,DESIGN,OPTIMIZE",PLANNED,RECONCILE
TOOL-107,East-West Traffic Capacity Estimator,C1,Data Center & Cloud,Data Center Networking,CORE,C,P3,"CALCULATE,OPTIMIZE",PLANNED,RECONCILE
TOOL-108,VXLAN VNI Capacity Planner,C1,Data Center & Cloud,Data Center Networking,CORE,C,P3,"PLAN,OPTIMIZE",PLANNED,RECONCILE
TOOL-109,EVPN Route Scale Estimator,C1,Data Center & Cloud,Data Center Networking,CORE,D,P4,CALCULATE,PLANNED,RECONCILE
TOOL-110,Data Center Interconnect Bandwidth Planner,C1,Data Center & Cloud,Data Center Networking,CORE,D,P4,PLAN,PLANNED,RECONCILE
TOOL-111,Fabric Growth Capacity Forecaster,C1,Data Center & Cloud,Data Center Networking,CORE,D,P4,"DESIGN,OPTIMIZE",PLANNED,RECONCILE
TOOL-112,GPU Cluster Network Bandwidth Calculator,C2,Data Center & Cloud,AI / GPU / HPC Networking,GROWTH,A,P1,CALCULATE,PLANNED,RECONCILE
TOOL-113,All-Reduce Traffic Estimator,C2,Data Center & Cloud,AI / GPU / HPC Networking,CORE,A,P1,CALCULATE,PLANNED,RECONCILE
TOOL-114,AI Training Fabric Capacity Planner,C2,Data Center & Cloud,AI / GPU / HPC Networking,GROWTH,A,P1,"PLAN,DESIGN,OPTIMIZE",PLANNED,RECONCILE
TOOL-115,AI Inference Network Capacity Planner,C2,Data Center & Cloud,AI / GPU / HPC Networking,GROWTH,B,P2,"PLAN,OPTIMIZE",PLANNED,RECONCILE
TOOL-116,RoCE Bandwidth Planner,C2,Data Center & Cloud,AI / GPU / HPC Networking,GROWTH,B,P2,PLAN,PLANNED,RECONCILE
TOOL-117,RoCE PFC Headroom Estimator,C2,Data Center & Cloud,AI / GPU / HPC Networking,GROWTH,B,P2,CALCULATE,PLANNED,RECONCILE
TOOL-118,ECN / Congestion Threshold Planner,C2,Data Center & Cloud,AI / GPU / HPC Networking,CORE,C,P3,PLAN,PLANNED,RECONCILE
TOOL-119,InfiniBand Fabric Capacity Planner,C2,Data Center & Cloud,AI / GPU / HPC Networking,GROWTH,C,P3,"PLAN,DESIGN,OPTIMIZE",PLANNED,RECONCILE
TOOL-120,GPU Bisection Bandwidth Calculator,C2,Data Center & Cloud,AI / GPU / HPC Networking,GROWTH,C,P3,CALCULATE,PLANNED,RECONCILE
TOOL-121,DPU Offload Capacity Estimator,C2,Data Center & Cloud,AI / GPU / HPC Networking,GROWTH,D,P4,"CALCULATE,OPTIMIZE",PLANNED,RECONCILE
TOOL-122,AI Fabric Failure Scenario Simulator,C2,Data Center & Cloud,AI / GPU / HPC Networking,GROWTH,D,P4,DESIGN,PLANNED,RECONCILE
TOOL-123,VPC CIDR Planner,C3,Data Center & Cloud,Cloud Networking,CORE,A,P1,PLAN,PLANNED,RECONCILE
TOOL-124,Multi-VPC CIDR Conflict Checker,C3,Data Center & Cloud,Cloud Networking,CORE,A,P1,"CALCULATE,TROUBLESHOOT",PLANNED,RECONCILE
TOOL-125,Transit Gateway Capacity Planner,C3,Data Center & Cloud,Cloud Networking,CORE,B,P2,"PLAN,OPTIMIZE",PLANNED,RECONCILE
TOOL-126,Cloud NAT Port Capacity Calculator,C3,Data Center & Cloud,Cloud Networking,CORE,B,P2,"CALCULATE,OPTIMIZE",PLANNED,RECONCILE
TOOL-127,Cloud Interconnect Bandwidth Planner,C3,Data Center & Cloud,Cloud Networking,CORE,B,P2,PLAN,PLANNED,RECONCILE
TOOL-128,Hybrid Cloud Latency Budget,C3,Data Center & Cloud,Cloud Networking,CORE,C,P3,CALCULATE,PLANNED,RECONCILE
TOOL-129,Multi-Cloud Connectivity Planner,C3,Data Center & Cloud,Cloud Networking,CORE,C,P3,PLAN,PLANNED,RECONCILE
TOOL-130,Cloud Egress Cost Estimator,C3,Data Center & Cloud,Cloud Networking,CORE,D,P4,"CALCULATE,OPTIMIZE",PLANNED,RECONCILE
TOOL-131,Cloud Network Growth Planner,C3,Data Center & Cloud,Cloud Networking,CORE,D,P4,"PLAN,OPTIMIZE",PLANNED,RECONCILE
TOOL-132,Kubernetes Pod CIDR Planner,C4,Data Center & Cloud,Cloud-Native Networking,GROWTH,A,P1,PLAN,PLANNED,RECONCILE
TOOL-133,Kubernetes Service CIDR Planner,C4,Data Center & Cloud,Cloud-Native Networking,GROWTH,A,P1,PLAN,PLANNED,RECONCILE
TOOL-134,CNI MTU Calculator,C4,Data Center & Cloud,Cloud-Native Networking,CORE,B,P2,CALCULATE,PLANNED,RECONCILE
TOOL-135,VXLAN / Geneve Overhead Calculator,C4,Data Center & Cloud,Cloud-Native Networking,CORE,B,P2,CALCULATE,PLANNED,RECONCILE
TOOL-136,Kubernetes Network Policy Builder,C4,Data Center & Cloud,Cloud-Native Networking,GROWTH,B,P2,PLAN,PLANNED,RECONCILE
TOOL-137,Multi-Cluster CIDR Conflict Checker,C4,Data Center & Cloud,Cloud-Native Networking,CORE,C,P3,"CALCULATE,TROUBLESHOOT",PLANNED,RECONCILE
TOOL-138,Service Mesh Latency Overhead Estimator,C4,Data Center & Cloud,Cloud-Native Networking,CORE,C,P3,CALCULATE,PLANNED,RECONCILE
TOOL-139,Gateway API Capacity Planner,C4,Data Center & Cloud,Cloud-Native Networking,CORE,D,P4,"PLAN,OPTIMIZE",PLANNED,RECONCILE
TOOL-140,eBPF Flow Capacity Estimator,C4,Data Center & Cloud,Cloud-Native Networking,GROWTH,D,P4,"CALCULATE,OPTIMIZE",PLANNED,RECONCILE
TOOL-141,NETCONF RPC Builder,D1,Automation & Operations,Network Automation / Programmability,CORE,A,P1,PLAN,PLANNED,RECONCILE
TOOL-142,RESTCONF Request Builder,D1,Automation & Operations,Network Automation / Programmability,CORE,A,P1,PLAN,PLANNED,RECONCILE
TOOL-143,YANG Path Explorer,D1,Automation & Operations,Network Automation / Programmability,CORE,A,P1,CALCULATE,PLANNED,RECONCILE
TOOL-144,YANG Model Dependency Checker,D1,Automation & Operations,Network Automation / Programmability,CORE,B,P2,CALCULATE,PLANNED,RECONCILE
TOOL-145,Network Config Diff Analyzer,D1,Automation & Operations,Network Automation / Programmability,CORE,B,P2,TROUBLESHOOT,PLANNED,RECONCILE
TOOL-146,VLAN Config Generator,D1,Automation & Operations,Network Automation / Programmability,CORE,B,P2,PLAN,PLANNED,RECONCILE
TOOL-147,Interface Config Generator,D1,Automation & Operations,Network Automation / Programmability,CORE,B,P2,PLAN,PLANNED,RECONCILE
TOOL-148,BGP Policy Generator,D1,Automation & Operations,Network Automation / Programmability,CORE,C,P3,PLAN,PLANNED,RECONCILE
TOOL-149,ACL Config Generator,D1,Automation & Operations,Network Automation / Programmability,CORE,C,P3,PLAN,PLANNED,RECONCILE
TOOL-150,SRv6 Config Planner,D1,Automation & Operations,Network Automation / Programmability,CORE,D,P4,PLAN,PLANNED,RECONCILE
TOOL-151,Intent-to-Config Planner,D1,Automation & Operations,Network Automation / Programmability,CORE,D,P4,PLAN,PLANNED,RECONCILE
TOOL-152,Network Change Precheck Builder,D1,Automation & Operations,Network Automation / Programmability,CORE,D,P4,"PLAN,TROUBLESHOOT",PLANNED,RECONCILE
TOOL-153,SNMP Polling Capacity Calculator,D2,Automation & Operations,Observability / Telemetry / AIOps,CORE,A,P1,"CALCULATE,OPTIMIZE",PLANNED,RECONCILE
TOOL-154,Streaming Telemetry Bandwidth Estimator,D2,Automation & Operations,Observability / Telemetry / AIOps,CORE,A,P1,CALCULATE,PLANNED,RECONCILE
TOOL-155,NetFlow / IPFIX Storage Calculator,D2,Automation & Operations,Observability / Telemetry / AIOps,CORE,A,P1,CALCULATE,PLANNED,RECONCILE
TOOL-156,Syslog EPS Capacity Calculator,D2,Automation & Operations,Observability / Telemetry / AIOps,CORE,B,P2,"CALCULATE,OPTIMIZE",PLANNED,RECONCILE
TOOL-157,Alarm Storm Analyzer,D2,Automation & Operations,Observability / Telemetry / AIOps,CORE,B,P2,TROUBLESHOOT,PLANNED,RECONCILE
TOOL-158,Network Baseline Deviation Analyzer,D2,Automation & Operations,Observability / Telemetry / AIOps,CORE,B,P2,TROUBLESHOOT,PLANNED,RECONCILE
TOOL-159,SLA Violation Analyzer,D2,Automation & Operations,Observability / Telemetry / AIOps,CORE,C,P3,"TROUBLESHOOT,OPTIMIZE",PLANNED,RECONCILE
TOOL-160,MTTR Calculator,D2,Automation & Operations,Observability / Telemetry / AIOps,CORE,C,P3,CALCULATE,PLANNED,RECONCILE
TOOL-161,Incident Timeline Builder,D2,Automation & Operations,Observability / Telemetry / AIOps,CORE,C,P3,"PLAN,TROUBLESHOOT",PLANNED,RECONCILE
TOOL-162,Capacity Trend Forecaster,D2,Automation & Operations,Observability / Telemetry / AIOps,CORE,D,P4,OPTIMIZE,PLANNED,RECONCILE
TOOL-163,Network RCA Evidence Organizer,D2,Automation & Operations,Observability / Telemetry / AIOps,CORE,D,P4,TROUBLESHOOT,PLANNED,RECONCILE
TOOL-164,ACL Rule Conflict Checker,E1,Security & Infrastructure,Network Security,CORE,A,P1,"CALCULATE,TROUBLESHOOT",PLANNED,RECONCILE
TOOL-165,Firewall Rule Capacity Planner,E1,Security & Infrastructure,Network Security,CORE,A,P1,"PLAN,OPTIMIZE",PLANNED,RECONCILE
TOOL-166,Firewall Throughput Sizing Calculator,E1,Security & Infrastructure,Network Security,CORE,A,P1,CALCULATE,PLANNED,RECONCILE
TOOL-167,VPN Encryption Overhead Calculator,E1,Security & Infrastructure,Network Security,CORE,A,P1,CALCULATE,PLANNED,RECONCILE
TOOL-168,IPsec MTU / MSS Calculator,E1,Security & Infrastructure,Network Security,CORE,B,P2,CALCULATE,PLANNED,RECONCILE
TOOL-169,DDoS Scrubbing Capacity Planner,E1,Security & Infrastructure,Network Security,CORE,B,P2,"PLAN,OPTIMIZE",PLANNED,RECONCILE
TOOL-170,Network Segmentation Planner,E1,Security & Infrastructure,Network Security,CORE,B,P2,PLAN,PLANNED,RECONCILE
TOOL-171,Zero Trust Zone Planner,E1,Security & Infrastructure,Network Security,CORE,C,P3,"PLAN,DESIGN",PLANNED,RECONCILE
TOOL-172,RPKI Route Origin Validator,E1,Security & Infrastructure,Network Security,CORE,C,P3,CALCULATE,PLANNED,RECONCILE
TOOL-173,PKI Certificate Capacity Estimator,E1,Security & Infrastructure,Network Security,CORE,C,P3,"CALCULATE,OPTIMIZE",PLANNED,RECONCILE
TOOL-174,SASE Security Path Latency Estimator,E1,Security & Infrastructure,Network Security,CORE,D,P4,CALCULATE,PLANNED,RECONCILE
TOOL-175,Attack Surface Exposure Mapper,E1,Security & Infrastructure,Network Security,CORE,D,P4,CALCULATE,PLANNED,RECONCILE
TOOL-176,Quantum-Safe VPN Overhead Estimator,E1,Security & Infrastructure,Network Security,GROWTH,D,P4,CALCULATE,PLANNED,RECONCILE
TOOL-177,Data Center PUE Calculator,E2,Security & Infrastructure,Power / Cooling / Facility Infrastructure,CORE,A,P1,"CALCULATE,OPTIMIZE",PLANNED,RECONCILE
TOOL-178,Network Room PUE Estimator,E2,Security & Infrastructure,Power / Cooling / Facility Infrastructure,CORE,A,P1,"CALCULATE,OPTIMIZE",PLANNED,RECONCILE
TOOL-179,Telecom UPS Capacity Calculator,E2,Security & Infrastructure,Power / Cooling / Facility Infrastructure,CORE,A,P1,"CALCULATE,OPTIMIZE",PLANNED,RECONCILE
TOOL-180,UPS Runtime Calculator,E2,Security & Infrastructure,Power / Cooling / Facility Infrastructure,CORE,B,P2,"CALCULATE,OPTIMIZE",PLANNED,RECONCILE
TOOL-181,Battery Backup Runtime Calculator,E2,Security & Infrastructure,Power / Cooling / Facility Infrastructure,CORE,B,P2,"CALCULATE,OPTIMIZE",PLANNED,RECONCILE
TOOL-182,Telecom DC Power Capacity Planner,E2,Security & Infrastructure,Power / Cooling / Facility Infrastructure,CORE,B,P2,"PLAN,OPTIMIZE",PLANNED,RECONCILE
TOOL-183,N+1 / 2N Power Redundancy Planner,E2,Security & Infrastructure,Power / Cooling / Facility Infrastructure,CORE,C,P3,PLAN,PLANNED,RECONCILE
TOOL-184,Generator Runtime Calculator,E2,Security & Infrastructure,Power / Cooling / Facility Infrastructure,CORE,C,P3,"CALCULATE,PLAN,OPTIMIZE",PLANNED,RECONCILE
TOOL-185,Network Room Cooling Load Estimator,E2,Security & Infrastructure,Power / Cooling / Facility Infrastructure,CORE,D,P4,CALCULATE,PLANNED,RECONCILE
TOOL-186,Rack Power Density Calculator,E2,Security & Infrastructure,Power / Cooling / Facility Infrastructure,CORE,D,P4,CALCULATE,PLANNED,RECONCILE
TOOL-187,QKD Link Loss Calculator,F1,Future Networks,Quantum Networking,EMERGING,D,P4,CALCULATE,PLANNED,RECONCILE
TOOL-188,QKD Trusted-Node Distance Planner,F1,Future Networks,Quantum Networking,EMERGING,D,P4,PLAN,PLANNED,RECONCILE
TOOL-189,Quantum Key Rate Estimator,F1,Future Networks,Quantum Networking,EMERGING,D,P4,CALCULATE,PLANNED,RECONCILE
TOOL-190,5G UPF Capacity Planner,R18,Reserved Primary Domains,Telecom Core & Platforms,GROWTH,D,P4,"PLAN,OPTIMIZE",PLANNED,RECONCILE
TOOL-191,Network Slice SLA Planner,R18,Reserved Primary Domains,Telecom Core & Platforms,GROWTH,D,P4,"PLAN,OPTIMIZE",PLANNED,RECONCILE
TOOL-192,IMS Session Capacity Estimator,R18,Reserved Primary Domains,Telecom Core & Platforms,GROWTH,D,P4,"CALCULATE,OPTIMIZE",PLANNED,RECONCILE
TOOL-193,Satellite Link Budget Calculator,R19,Reserved Primary Domains,Space / Satellite / NTN Communications,GROWTH,D,P4,CALCULATE,PLANNED,RECONCILE
TOOL-194,LEO / GEO Propagation Delay Calculator,R19,Reserved Primary Domains,Space / Satellite / NTN Communications,GROWTH,D,P4,CALCULATE,PLANNED,RECONCILE
TOOL-195,Satellite Doppler Shift Calculator,R19,Reserved Primary Domains,Space / Satellite / NTN Communications,GROWTH,D,P4,CALCULATE,PLANNED,RECONCILE
TOOL-196,NTN Gateway Capacity Planner,R19,Reserved Primary Domains,Space / Satellite / NTN Communications,GROWTH,D,P4,"PLAN,OPTIMIZE",PLANNED,RECONCILE
TOOL-197,Sub-THz Path Loss Explorer,R20,Reserved Primary Domains,6G / IMT-2030 Future Networks,EMERGING,D,P4,CALCULATE,PLANNED,RECONCILE
TOOL-198,6G Latency Budget Explorer,R20,Reserved Primary Domains,6G / IMT-2030 Future Networks,EMERGING,D,P4,CALCULATE,PLANNED,RECONCILE
TOOL-199,ISAC Communication-Sensing Trade-off Explorer,R20,Reserved Primary Domains,6G / IMT-2030 Future Networks,EMERGING,D,P4,CALCULATE,PLANNED,RECONCILE
TOOL-200,6G Terrestrial-NTN Scenario Planner,R20,Reserved Primary Domains,6G / IMT-2030 Future Networks,EMERGING,D,P4,PLAN,PLANNED,RECONCILE
